{"0": [[[[0.1238042, 0.23736926], [0.09011138, 0.31582509], [0.06177499, 0.54435407]], [0.04528787, 0.00955973], 0.0]], "1": [[[[0.1238042, 0.23736926], [0.09011138, 0.31582509], [0.06177499, 0.54435407]], [0.04528787, 0.00955973], 0.0]], "2": [[[[0.1238042, 0.23736926], [0.09011138, 0.31582509], [0.06177499, 0.54435407]], [0.04528787, 0.00955973], 0.0]], "3": [[[[0.1238042, 0.23736926], [0.09011138, 0.31582509], [0.06177499, 0.54435407]], [0.04528787, 0.00955973], 0.0]], "4": [[[[0.1238042, 0.23736926], [0.09011138, 0.31582509], [0.06177499, 0.54435407]], [0.04528787, 0.00955973], 0.0]], "5": [[[[0.1238042, 0.23736926], [0.09011138, 0.31582509], [0.06177499, 0.54435407]], [0.04528787, 0.00955973], 0.0]], "6": [[[[0.1238042, 0.23736926], [0.09011138, 0.31582509], [0.10300000000000001, 0.54435407]], [22.22222222222222, 0.00955973], 0.3333333333333333]], "7": [[[[0.1238042, 0.23736926], [0.09011138, 0.31582509], [0.10300000000000001, 0.54435407]], [22.22222222222222, 0.00955973], 0.0]], "8": [[[[0.1238042, 0.23736926], [0.09011138, 0.31582509], [0.10300000000000001, 0.54435407]], [22.22222222222222, 0.00955973], 0.0]], "9": [[[[0.1238042, 0.23736926], [0.09011138, 0.31582509], [0.10300000000000001, 0.54435407]], [22.22222222222222, 0.00955973], 0.0]], "10": [[[[0.1238042, 0.23736926], [0.09011138, 0.31582509], [0.10300000000000001, 0.54435407]], [22.22222222222222, 0.00955973], 0.0]], "11": [[[[0.1238042, 0.23736926], [0.03, 0.31582509], [0.10300000000000001, 0.54435407]], [10.989010989010989, 0.00955973], 0.3333333333333333]]}