{"0": [[[[0.09904452133750835, 0.23736926], [0.2606274807323981, 0.31582509], [0.22305895220412864, 0.54435407]], [[0.09904452133750835, 0.23736926], [0.2606274807323981, 0.31582509], [0.22305895220412864, 0.54435407]], 0.003003003003003003]], "1": [[[[0.09904452133750835, 0.23736926], [0.2606274807323981, 0.31582509], [0.22305895220412864, 0.54435407]], [[0.09904452133750835, 0.23736926], [0.2606274807323981, 0.31582509], [0.22305895220412864, 0.54435407]], 0.05110220440881764]], "2": [[[[0.09904452133750835, 0.23736926], [0.2606274807323981, 0.31582509], [0.22305895220412864, 0.54435407]], [[0.09904452133750835, 0.23736926], [0.2606274807323981, 0.31582509], [0.22305895220412864, 0.54435407]], 0.03303303303303303]], "3": [[[[0.09904452133750835, 0.23736926], [0.2606274807323981, 0.31582509], [0.22305895220412864, 0.54435407]], [[0.09904452133750835, 0.23736926], [0.2606274807323981, 0.31582509], [0.22305895220412864, 0.54435407]], 0.033066132264529056]], "4": [[[[0.09904452133750835, 0.23736926], [0.2606274807323981, 0.31582509], [0.22305895220412864, 0.54435407]], [[0.09904452133750835, 0.23736926], [0.2606274807323981, 0.31582509], [0.22305895220412864, 0.54435407]], 0.02702702702702703]], "5": [[[[0.09904452133750835, 0.23736926], [0.2606274807323981, 0.31582509], [0.22305895220412864, 0.54435407]], [[0.09904452133750835, 0.23736926], [0.2606274807323981, 0.31582509], [0.22305895220412864, 0.54435407]], 0.03907815631262525]], "6": [[[[0.09904452133750835, 0.23736926], [0.2606274807323981, 0.31582509], [0.22305895220412864, 0.54435407]], [[0.09904452133750835, 0.23736926], [0.2606274807323981, 0.31582509], [0.22305895220412864, 0.54435407]], 0.03903903903903904]], "7": [[[[0.09904452133750835, 0.23736926], [0.2606274807323981, 0.31582509], [0.22305895220412864, 0.54435407]], [[0.09904452133750835, 0.23736926], [0.2606274807323981, 0.31582509], [0.22305895220412864, 0.54435407]], 0.04008016032064128]], "8": [[[[0.09904452133750835, 0.23736926], [0.2606274807323981, 0.31582509], [0.22305895220412864, 0.54435407]], [[0.09904452133750835, 0.23736926], [0.2606274807323981, 0.31582509], [0.22305895220412864, 0.54435407]], 0.026026026026026026]], "9": [[[[0.09904452133750835, 0.23736926], [0.2606274807323981, 0.31582509], [0.22305895220412864, 0.54435407]], [[0.09904452133750835, 0.23736926], [0.2606274807323981, 0.31582509], [0.22305895220412864, 0.54435407]], 0.04004004004004004]]}
